accuracy,precision,recall,f1,f2,roc_auc
0.9906695647564014,0.9621451104100947,0.8672985781990521,0.9122632103688934,0.8847418294333785,0.932638507428367
