accuracy,precision,recall,f1,f2,roc_auc
0.9904310024916503,0.9561878360411281,0.8688151658767772,0.9103592081346781,0.8849587891258468,0.9332255299285054
