accuracy,precision,recall,f1,f2,roc_auc
0.9911997031225149,0.9596690796277145,0.8796208530805687,0.9179030662710188,0.8945440524387891,0.9387154130631954
