accuracy,precision,recall,f1,f2,roc_auc
0.9904044955733446,0.9542619542619543,0.8701421800947867,0.9102627664848786,0.8857583944423001,0.9338356902270878
