accuracy,precision,recall,f1,f2,roc_auc
0.9900333987170652,0.951092611862643,0.8663507109004739,0.9067460317460317,0.882069098629608,0.9318557238240016
