accuracy,precision,recall,f1,f2,roc_auc
0.9899803848804538,0.9463917525773196,0.8701421800947867,0.9066666666666666,0.8843930635838151,0.9336110720779414
