accuracy,precision,recall,f1,f2,roc_auc
0.9900333987170652,0.9427987742594485,0.8748815165876778,0.9075712881022615,0.887670705904982,0.9358684312498137
