accuracy,precision,recall,f1,f2,roc_auc
0.9910406616126809,0.9576446280991735,0.8786729857819905,0.9164607019278299,0.893407864302236,0.9381853248766198
