accuracy,precision,recall,f1,f2,roc_auc
0.9903514817367333,0.9718918918918918,0.852132701421801,0.908080808080808,0.8736637512147715,0.9253363417261744
