accuracy,precision,recall,f1,f2,roc_auc
0.9902984679001219,0.9560669456066946,0.8663507109004739,0.9090004972650423,0.8829211746522411,0.931996110167218
