accuracy,precision,recall,f1,f2,roc_auc
0.9902984679001219,0.959915611814346,0.8625592417061612,0.90863704443335,0.8804179566563467,0.9302126846446349
